Workbook

Sheet ESSI
A1: COLUMNA | B1: FUENTE
A2: ori_cas | B2: infopeoricenasicod | C2: ori_cas
A3: cod_cas | B3: infopecenasicod | C3: cod_cas
A4: des_cas | B4: dim cas-red | C4: des_cas
A5: cod_red | B5: dim cas-red | C5: cod_red
A6: des_red | B6: dim cas-red | C6: des_red
A7: sol_num | B7: infopesolopenum | C7: sol_num
A8: sec_num | B8: infopesecnum | C8: sec_num
A9: cod_cps | B9: infopecpscod | C9: cod_cps
A10: cps_ori | B10: infopecpsoricenasicod | C10: cps_ori
A11: cps_cas | B11: infopecpscenasicod | C11: cps_cas
A12: cps_are | B12: infopecpsarehoscod | C12: cps_are
A13: des_are | B13: dim_areas | C13: des_are
... A18: pac_sec | B18: solopebuspacsecnum | C18: pac_sec

Sheet DAT
A1: COLUMNA | B1: FUENTE | C1: LLAVE EN TABLA | D1: LLAVE EN DIM
A2: id_oricas | B2: DIM ORICAS | C2: ori_cas | E2: des_cas
A3: id_cas | B3: DIM CAS | C3: cod_cas | E3: des_red
A4: id_red | B4: DIM RED | C4: cod_red | E4: des_are
A5: sol_num | B5: sol_num | E5: des_ser
A6: sec_num | B6: sec_num
A7: id_cps | B7: dim_cps | C7: cod_cps
A8: id_cpsori | B8: dim_oricas | C8: cps_ori
A9: id_cpscas | B9: dim_cas | C9: cps_cas
A10: id_cpsare | B10: dim_areas | C10: cps_are
A11: id_cpsser | B11: dim_servicios | C11: cps_ser
A12: sol_fec | B12: sol_fec
A13: id_time_sol | B13: DIM TIEMPO
A14: id_ano_sol | B14: DIM TIEMPO
A15: id_mes_sol | B15: DIM TIEMPO
A16: id_dia_sol | B16: DIM TIEMPO
A17: id_diasem_sol | B17: DIM TIEMPO
A18: id_sem_sol | B18: DIM TIEMPO
A19: act_med | B19: act_med
A20: id_pacsec | B20: dim_pacsec | C20: pac_sec

Sheet CC
A1: Name | B1: Llave | C1: Count | D1: non-null | E1: Type
A2: infopeoricenasicod | B2: =VLOOKUP(A2,ESSI!B1:$C$18,2,0) -> ori_cas | C2: 46606 | D2: non-null | E2: object | F2: des_are | G2: 0
A3: infopecenasicod | B3: =VLOOKUP(A3,ESSI!B2:$C$18,2,0) -> cod_cas | C3: 46606 | D3: non-null | E3: object | F3: ori_cas | G3: 46615 | I3: id_cpsori | J3: 0 | K3: =VLOOKUP(I3,DAT!A:C,3,0) -> cps_ori | L3: =VLOOKUP(K3,F:G,2,0) -> 0
A4: infopesolopenum | B4: =VLOOKUP(A4,ESSI!B3:$C$18,2,0) -> sol_num | C4: 46606 | D4: non-null | E4: int64 | F4: sec_num | G4: 46615 | I4: id_dia_sol | J4: 46614 | K4: =VLOOKUP(I4,DAT!A:C,3,0) -> 0 | L4: =VLOOKUP(K4,F:G,2,0) -> #N/A
A5: infopesecnum | B5: =VLOOKUP(A5,ESSI!B4:$C$18,2,0) -> sec_num | C5: 46606 | D5: non-null | E5: int64 | F5: cod_cas | G5: 46615 | I5: id_time_sol | J5: 46614 | K5: =VLOOKUP(I5,DAT!A:C,3,0) -> 0 | L5: =VLOOKUP(K5,F:G,2,0) -> #N/A
A6: infopecpscod | B6: =VLOOKUP(A6,ESSI!B5:$C$18,2,0) -> cod_cps | C6: 46606 | D6: non-null | E6: object | F6: des_red | G6: 46615 | I6: id_cpsare | J6: 0 | K6: =VLOOKUP(I6,DAT!A:C,3,0) -> cps_are | L6: =VLOOKUP(K6,F:G,2,0) -> 0
A7: infopecpsoricenasicod | B7: =VLOOKUP(A7,ESSI!B6:$C$18,2,0) -> cps_ori | C7: 0 | D7: non-null | E7: object | F7: cps_ori | G7: 0 | I7: id_pacsec | J7: 45775 | K7: =VLOOKUP(I7,DAT!A:C,3,0) -> pac_sec | L7: =VLOOKUP(K7,F:G,2,0) -> 46615
A8: infopecpscenasicod | B8: =VLOOKUP(A8,ESSI!B7:$C$18,2,0) -> cps_cas | C8: 0 | D8: non-null | E8: object | F8: cod_cps | G8: 46615 | I8: id_cpscas | J8: 0 | K8: =VLOOKUP(I8,DAT!A:C,3,0) -> cps_cas | L8: =VLOOKUP(K8,F:G,2,0) -> 0
A9: infopecpsarehoscod | B9: =VLOOKUP(A9,ESSI!B8:$C$18,2,0) -> cps_are | C9: 0 | D9: non-null | E9: object | F9: sol_fec | G9: 46615 | I9: id_mes_sol | J9: 46614 | K9: =VLOOKUP(I9,DAT!A:C,3,0) -> 0 | L9: =VLOOKUP(K9,F:G,2,0) -> #N/A
A10: infopecpsservhoscod | B10: =VLOOKUP(A10,ESSI!B9:$C$18,2,0) -> cps_ser | C10: 0 | D10: non-null | E10: object | F10: act_med | G10: 46615 | I10: id_cpsser | J10: 0 | K10: =VLOOKUP(I10,DAT!A:C,3,0) -> cps_ser | L10: =VLOOKUP(K10,F:G,2,0) -> 0
A11: solopefec | B11: =VLOOKUP(A11,ESSI!B10:$C$18,2,0) -> sol_fec | C11: 46606 | D11: non-null | E11: datetime64[ns] | F11: cps_cas | G11: 0 | I11: sec_num | J11: 46615 | K11: =VLOOKUP(I11,DAT!A:C,3,0) -> 0 | L11: =VLOOKUP(K11,F:G,2,0) -> #N/A
A12: solopeactmednum | B12: =VLOOKUP(A12,ESSI!B11:$C$18,2,0) -> act_med | C12: 46606 | D12: non-null | E12: int64 | F12: cps_are | G12: 0 | I12: id_diasem_sol | J12: 46614 | K12: =VLOOKUP(I12,DAT!A:C,3,0) -> 0 | L12: =VLOOKUP(K12,F:G,2,0) -> #N/A
A13: solopebuspacsecnum | B13: =VLOOKUP(A13,ESSI!B12:$C$18,2,0) -> pac_sec | C13: 46606 | D13: non-null | E13: int64 | F13: des_ser | G13: 0 | I13: id_red | J13: 46615 | K13: =VLOOKUP(I13,DAT!A:C,3,0) -> cod_red | L13: =VLOOKUP(K13,F:G,2,0) -> 46615
F14: pac_sec | G14: 46615 | I14: id_cps | J14: 46615 | K14: =VLOOKUP(I14,DAT!A:C,3,0) -> cod_cps | L14: =VLOOKUP(K14,F:G,2,0) -> 46615
F15: cps_ser | G15: 0 | I15: act_med | J15: 46615 | K15: =VLOOKUP(I15,DAT!A:C,3,0) -> 0 | L15: =VLOOKUP(K15,F:G,2,0) -> #N/A
F16: des_cas | G16: 46615 | I16: sol_num | J16: 46615 | K16: =VLOOKUP(I16,DAT!A:C,3,0) -> 0 | L16: =VLOOKUP(K16,F:G,2,0) -> #N/A
F17: cod_red | G17: 46615 | I17: id_cas | J17: 46615 | K17: =VLOOKUP(I17,DAT!A:C,3,0) -> cod_cas | L17: =VLOOKUP(K17,F:G,2,0) -> 46615
F18: sol_num | G18: 46615 | I18: id_oricas | J18: 46615 | K18: =VLOOKUP(I18,DAT!A:C,3,0) -> ori_cas | L18: =VLOOKUP(K18,F:G,2,0) -> 46615
I19: sol_fec | J19: 46615 | K19: =VLOOKUP(I19,DAT!A:C,3,0) -> 0 | L19: =VLOOKUP(K19,F:G,2,0) -> #N/A
I20: id_sem_sol | J20: 46614 | K20: =VLOOKUP(I20,DAT!A:C,3,0) -> 0 | L20: =VLOOKUP(K20,F:G,2,0) -> #N/A
I21: id_ano_sol | J21: 46614 | K21: =VLOOKUP(I21,DAT!A:C,3,0) -> 0 | L21: =VLOOKUP(K21,F:G,2,0) -> #N/A
